{
  "campaign_id": "ae0927e8-4653-4daa-a165-8a8752838eba",
  "objective": {
    "target_property": "band_gap",
    "target_range": [
      1.2,
      1.6
    ],
    "material_system": "perovskites"
  },
  "results": {
    "total_experiments": 31,
    "successful_experiments": 31,
    "success_rate": 1.0,
    "best_properties": {
      "band_gap": 1.485,
      "efficiency": 22.44,
      "stability": 0.896
    },
    "acceleration_factor": 6.451612903225806
  },
  "best_material": {
    "parameters": {
      "precursor_A_conc": 1.5777603575363313,
      "precursor_B_conc": 0.994316647908837,
      "temperature": 161.07762012730822,
      "reaction_time": 1.6673983972976627,
      "pH": 3.722084891385169,
      "solvent_ratio": 0.9415146765780779
    },
    "properties": {
      "band_gap": 1.485,
      "efficiency": 22.44,
      "stability": 0.896
    },
    "experiment_id": "98a6d6f0-d42b-427c-893d-b1b53dc565de"
  }
}