{
  "campaign_id": "43dd4422-6c4b-4908-80f9-1b8d02c28c6f",
  "objective": {
    "target_property": "band_gap",
    "target_range": [
      1.2,
      1.6
    ],
    "material_system": "perovskites"
  },
  "results": {
    "total_experiments": 30,
    "successful_experiments": 28,
    "success_rate": 0.9333333333333333,
    "best_properties": {
      "band_gap": 1.502,
      "efficiency": 23.91,
      "stability": 0.956
    },
    "acceleration_factor": 6.666666666666667
  },
  "best_material": {
    "parameters": {
      "precursor_A_conc": 1.1117903559866704,
      "precursor_B_conc": 0.19551561012437943,
      "temperature": 152.07337177763398,
      "reaction_time": 4.611603052410079,
      "pH": 4.560511033203115,
      "solvent_ratio": 0.849992828189643
    },
    "properties": {
      "band_gap": 1.502,
      "efficiency": 23.91,
      "stability": 0.956
    },
    "experiment_id": "bd6deb6c-13c5-475b-9153-289acfd8bfb4"
  }
}