{
  "campaign_id": "ebadeb16-30fc-4a4c-b43f-6ee75d0f4ecc",
  "objective": {
    "target_property": "band_gap",
    "target_range": [
      1.2,
      1.6
    ],
    "material_system": "perovskites"
  },
  "results": {
    "total_experiments": 55,
    "successful_experiments": 53,
    "success_rate": 0.9636363636363636,
    "best_properties": {
      "band_gap": 1.447,
      "efficiency": 25.87,
      "stability": 1
    },
    "acceleration_factor": 3.6363636363636362
  },
  "best_material": {
    "parameters": {
      "precursor_A_conc": 1.1843251031495756,
      "precursor_B_conc": 0.662373674720274,
      "temperature": 134.8585642177251,
      "reaction_time": 20.80735289710852,
      "pH": 7.273627740792105,
      "solvent_ratio": 0.5060097346340533
    },
    "properties": {
      "band_gap": 1.447,
      "efficiency": 25.87,
      "stability": 1
    },
    "experiment_id": "e2e82e84-a4ff-410a-bff5-25889b7ff6ea"
  }
}