{
  "campaign_id": "2abadd03-cac9-48e2-9e28-9784feb5ee2c",
  "objective": {
    "target_property": "band_gap",
    "target_range": [
      1.2,
      1.6
    ],
    "material_system": "perovskites"
  },
  "results": {
    "total_experiments": 44,
    "successful_experiments": 44,
    "success_rate": 1.0,
    "best_properties": {
      "band_gap": 1.393,
      "efficiency": 23.95,
      "stability": 0.936
    },
    "acceleration_factor": 4.545454545454546
  },
  "best_material": {
    "parameters": {
      "precursor_A_conc": 0.16241319031536863,
      "precursor_B_conc": 0.4196585483943164,
      "temperature": 156.8808563655063,
      "reaction_time": 1.2392151530889854,
      "pH": 3.888549584607862,
      "solvent_ratio": 0.5038182980282159
    },
    "properties": {
      "band_gap": 1.393,
      "efficiency": 23.95,
      "stability": 0.936
    },
    "experiment_id": "e5472f30-fbde-4cd4-b1fd-369cebb739c8"
  }
}