{
  "campaign_id": "bf2ca92d-4ac0-4153-bafb-6381e2d9cada",
  "objective": {
    "target_property": "band_gap",
    "target_range": [
      1.2,
      1.6
    ],
    "material_system": "perovskites"
  },
  "results": {
    "total_experiments": 35,
    "successful_experiments": 35,
    "success_rate": 1.0,
    "best_properties": {
      "band_gap": 1.37,
      "efficiency": 26.44,
      "stability": 0.883
    },
    "acceleration_factor": 5.714285714285714
  },
  "best_material": {
    "parameters": {
      "precursor_A_conc": 0.48443163352453056,
      "precursor_B_conc": 0.2492351334371157,
      "temperature": 112.35032453366891,
      "reaction_time": 19.02383137920579,
      "pH": 3.806121316883047,
      "solvent_ratio": 0.9086699403081105
    },
    "properties": {
      "band_gap": 1.37,
      "efficiency": 26.44,
      "stability": 0.883
    },
    "experiment_id": "f65ea729-0d86-4c90-acd6-ec1be8afca81"
  }
}