{
  "campaign_id": "cb782836-7259-497f-a188-52dea275308c",
  "objective": {
    "target_property": "band_gap",
    "target_range": [
      1.2,
      1.6
    ],
    "material_system": "perovskites"
  },
  "results": {
    "total_experiments": 100,
    "successful_experiments": 55,
    "success_rate": 0.55,
    "best_properties": {
      "band_gap": 1.406,
      "efficiency": 26.1,
      "stability": 0.876
    },
    "acceleration_factor": 2.0
  },
  "best_material": {
    "parameters": {
      "precursor_A_conc": 0.8667254660716439,
      "precursor_B_conc": 0.6885602603434641,
      "temperature": 109.80982431345075,
      "reaction_time": 7.3241978218674735,
      "pH": 6.3886808363922025,
      "solvent_ratio": 0.8146274861743976
    },
    "properties": {
      "band_gap": 1.406,
      "efficiency": 26.1,
      "stability": 0.876
    },
    "experiment_id": "3734cbe4-8c77-417c-8b81-3a70db74e2b1"
  }
}