{
  "campaign_id": "7b9ee16b-ebd8-4824-a524-ec64b1154830",
  "objective": {
    "target_property": "band_gap",
    "target_range": [
      1.2,
      1.6
    ],
    "material_system": "perovskites"
  },
  "results": {
    "total_experiments": 60,
    "successful_experiments": 54,
    "success_rate": 0.9,
    "best_properties": {
      "band_gap": 1.439,
      "efficiency": 24.25,
      "stability": 0.802
    },
    "acceleration_factor": 3.3333333333333335
  },
  "best_material": {
    "parameters": {
      "precursor_A_conc": 0.46047606267289876,
      "precursor_B_conc": 1.6329406031723503,
      "temperature": 104.06536904933648,
      "reaction_time": 3.893374169462776,
      "pH": 3.671305988536365,
      "solvent_ratio": 0.822087945020118
    },
    "properties": {
      "band_gap": 1.439,
      "efficiency": 24.25,
      "stability": 0.802
    },
    "experiment_id": "b65ab15a-7e4b-4613-bf58-94e64ec292d4"
  }
}