{
  "campaign_id": "9ec02321-a64a-4091-a2a3-6f4fef582d66",
  "objective": {
    "target_property": "band_gap",
    "target_range": [
      1.2,
      1.6
    ],
    "material_system": "perovskites"
  },
  "results": {
    "total_experiments": 40,
    "successful_experiments": 39,
    "success_rate": 0.975,
    "best_properties": {
      "band_gap": 1.475,
      "efficiency": 23.77,
      "stability": 0.807
    },
    "acceleration_factor": 5.0
  },
  "best_material": {
    "parameters": {
      "precursor_A_conc": 1.4836147153977333,
      "precursor_B_conc": 0.15816567715457427,
      "temperature": 134.17606256327736,
      "reaction_time": 20.113885389060407,
      "pH": 8.551439416274185,
      "solvent_ratio": 0.8372894148752327
    },
    "properties": {
      "band_gap": 1.475,
      "efficiency": 23.77,
      "stability": 0.807
    },
    "experiment_id": "dcd12479-988d-4771-9152-8e6b30386b5b"
  }
}