{
  "campaign_id": "93f57dca-246b-4edb-b092-54f92bda8d4b",
  "objective": {
    "target_property": "band_gap",
    "target_range": [
      1.2,
      1.6
    ],
    "material_system": "perovskites"
  },
  "results": {
    "total_experiments": 40,
    "successful_experiments": 38,
    "success_rate": 0.95,
    "best_properties": {
      "band_gap": 1.459,
      "efficiency": 26.59,
      "stability": 0.875
    },
    "acceleration_factor": 5.0
  },
  "best_material": {
    "parameters": {
      "precursor_A_conc": 0.9811928266109644,
      "precursor_B_conc": 0.24406243606391148,
      "temperature": 161.49520478011348,
      "reaction_time": 3.012352536201003,
      "pH": 8.740667279506958,
      "solvent_ratio": 0.6753340925890144
    },
    "properties": {
      "band_gap": 1.459,
      "efficiency": 26.59,
      "stability": 0.875
    },
    "experiment_id": "bfc783c1-157e-403a-a582-c16cb55645e9"
  }
}